Name,Category,Lat,Lng,Review,ReviewDate,ReviewSummary
The Daily Needs Grocery Store,Grocery store,28.4530566,77.0099219,The place is based in heart of Gurgaon and close to Sadar market. Owner knows the customer service and treat every customer individually with smiles. Excellent shopping experience.,6 years ago,"Error: 

You tried to access openai.ChatCompletion, but this is no longer supported in openai>=1.0.0 - see the README at https://github.com/openai/openai-python for the API.

You can run `openai migrate` to automatically upgrade your codebase to use the 1.0.0 interface. 

Alternatively, you can pin your installation to the old version, e.g. `pip install openai==0.28`

A detailed migration guide is available here: https://github.com/openai/openai-python/discussions/742
"
The Daily Needs Grocery Store,Grocery store,28.4530566,77.0099219,"It was nice. You can Buy most of the things.
Placing of goods is GREAT.

Customer service is also At average.
Main thing is to get your daily use items, so IT'S helpfulðŸ˜‰ðŸ˜„âœŒ",3 years ago,"Error: 

You tried to access openai.ChatCompletion, but this is no longer supported in openai>=1.0.0 - see the README at https://github.com/openai/openai-python for the API.

You can run `openai migrate` to automatically upgrade your codebase to use the 1.0.0 interface. 

Alternatively, you can pin your installation to the old version, e.g. `pip install openai==0.28`

A detailed migration guide is available here: https://github.com/openai/openai-python/discussions/742
"
The Daily Needs Grocery Store,Grocery store,28.4530566,77.0099219,Very nice picture,3 weeks ago,"Error: 

You tried to access openai.ChatCompletion, but this is no longer supported in openai>=1.0.0 - see the README at https://github.com/openai/openai-python for the API.

You can run `openai migrate` to automatically upgrade your codebase to use the 1.0.0 interface. 

Alternatively, you can pin your installation to the old version, e.g. `pip install openai==0.28`

A detailed migration guide is available here: https://github.com/openai/openai-python/discussions/742
"
The Daily Needs Grocery Store,Grocery store,28.4530566,77.0099219,Very nice shop,2 months ago,"Error: 

You tried to access openai.ChatCompletion, but this is no longer supported in openai>=1.0.0 - see the README at https://github.com/openai/openai-python for the API.

You can run `openai migrate` to automatically upgrade your codebase to use the 1.0.0 interface. 

Alternatively, you can pin your installation to the old version, e.g. `pip install openai==0.28`

A detailed migration guide is available here: https://github.com/openai/openai-python/discussions/742
"
The Daily Needs Grocery Store,Grocery store,28.4530566,77.0099219,"I like this store for its quality products and Single Best health food store with reasonable price, locally owned and everything you could ever want is available here..it is really such as a daily needs store...",6 years ago,"Error: 

You tried to access openai.ChatCompletion, but this is no longer supported in openai>=1.0.0 - see the README at https://github.com/openai/openai-python for the API.

You can run `openai migrate` to automatically upgrade your codebase to use the 1.0.0 interface. 

Alternatively, you can pin your installation to the old version, e.g. `pip install openai==0.28`

A detailed migration guide is available here: https://github.com/openai/openai-python/discussions/742
"
The Daily Needs Grocery Store,Grocery store,28.4530566,77.0099219,"Best Grocery Store in Gurugram, you will not get everything here but mostly you will get grocery items. Parking is limited as it is on the road. Nice experience thanks",4 years ago,"Error: 

You tried to access openai.ChatCompletion, but this is no longer supported in openai>=1.0.0 - see the README at https://github.com/openai/openai-python for the API.

You can run `openai migrate` to automatically upgrade your codebase to use the 1.0.0 interface. 

Alternatively, you can pin your installation to the old version, e.g. `pip install openai==0.28`

A detailed migration guide is available here: https://github.com/openai/openai-python/discussions/742
"
The Daily Needs Grocery Store,Grocery store,28.4530566,77.0099219,Good quality products in store. Reasonable price,4 years ago,"Error: 

You tried to access openai.ChatCompletion, but this is no longer supported in openai>=1.0.0 - see the README at https://github.com/openai/openai-python for the API.

You can run `openai migrate` to automatically upgrade your codebase to use the 1.0.0 interface. 

Alternatively, you can pin your installation to the old version, e.g. `pip install openai==0.28`

A detailed migration guide is available here: https://github.com/openai/openai-python/discussions/742
"
The Daily Needs Grocery Store,Grocery store,28.4530566,77.0099219,Everything of daily needs at one place,9 months ago,"Error: 

You tried to access openai.ChatCompletion, but this is no longer supported in openai>=1.0.0 - see the README at https://github.com/openai/openai-python for the API.

You can run `openai migrate` to automatically upgrade your codebase to use the 1.0.0 interface. 

Alternatively, you can pin your installation to the old version, e.g. `pip install openai==0.28`

A detailed migration guide is available here: https://github.com/openai/openai-python/discussions/742
"
"Dainik Bazaar, Grocery Store",Indian grocery store,28.446513999999997,77.0473561,Best place for grocery shopping in the area. Greate deals. Wide range of products. Friendy staff. It also has an open bakery where you can buy freshly baked products. Cakes available on demand freashly made in front of you. The smell of freash bakery products makes your mouth watery.,Edited 7 years ago,"Error: 

You tried to access openai.ChatCompletion, but this is no longer supported in openai>=1.0.0 - see the README at https://github.com/openai/openai-python for the API.

You can run `openai migrate` to automatically upgrade your codebase to use the 1.0.0 interface. 

Alternatively, you can pin your installation to the old version, e.g. `pip install openai==0.28`

A detailed migration guide is available here: https://github.com/openai/openai-python/discussions/742
"
"Dainik Bazaar, Grocery Store",Indian grocery store,28.446513999999997,77.0473561,"Awesome store, fresh bakery and all, everything work good as expected with offers specially, mostly everything under single roof and more varieties than expected",4 years ago,"Error: 

You tried to access openai.ChatCompletion, but this is no longer supported in openai>=1.0.0 - see the README at https://github.com/openai/openai-python for the API.

You can run `openai migrate` to automatically upgrade your codebase to use the 1.0.0 interface. 

Alternatively, you can pin your installation to the old version, e.g. `pip install openai==0.28`

A detailed migration guide is available here: https://github.com/openai/openai-python/discussions/742
"
"Dainik Bazaar, Grocery Store",Indian grocery store,28.446513999999997,77.0473561,"I am writing to express my disappointment with the veg patty I purchased from your establishment on 14-08-24. Unfortunately, the quality of the product was subpar and did not meet my expectations.

Providing a refund",10 months ago,"Error: 

You tried to access openai.ChatCompletion, but this is no longer supported in openai>=1.0.0 - see the README at https://github.com/openai/openai-python for the API.

You can run `openai migrate` to automatically upgrade your codebase to use the 1.0.0 interface. 

Alternatively, you can pin your installation to the old version, e.g. `pip install openai==0.28`

A detailed migration guide is available here: https://github.com/openai/openai-python/discussions/742
"
"Dainik Bazaar, Grocery Store",Indian grocery store,28.446513999999997,77.0473561,"I appreciate the variety & quality of grocery items available here.
I would like to give a feedback related to your live bakery which is good & reasonably priced. Please train & sensitize your staff to adopt hygiene practices while handling bakery items. They use bare hands to pack pastries, inspite of presence of a pair of tongs. They should also use gloves while handling freshly baked bread",3 years ago,"Error: 

You tried to access openai.ChatCompletion, but this is no longer supported in openai>=1.0.0 - see the README at https://github.com/openai/openai-python for the API.

You can run `openai migrate` to automatically upgrade your codebase to use the 1.0.0 interface. 

Alternatively, you can pin your installation to the old version, e.g. `pip install openai==0.28`

A detailed migration guide is available here: https://github.com/openai/openai-python/discussions/742
"
"Dainik Bazaar, Grocery Store",Indian grocery store,28.446513999999997,77.0473561,"I highly recommend the ""Wat-A-Burger"" Shop in this Bazaar.. It's really great.. The burger and the sandwich are also delicious and I Loved it!!! â¤ There's also a advantage, you can take great photos in the place in night cause there's beautiful lightning in the shop!! ðŸ’œâœ¨You can also give your feedback! ðŸ˜âœ¨",3 years ago,"Error: 

You tried to access openai.ChatCompletion, but this is no longer supported in openai>=1.0.0 - see the README at https://github.com/openai/openai-python for the API.

You can run `openai migrate` to automatically upgrade your codebase to use the 1.0.0 interface. 

Alternatively, you can pin your installation to the old version, e.g. `pip install openai==0.28`

A detailed migration guide is available here: https://github.com/openai/openai-python/discussions/742
"
"Dainik Bazaar, Grocery Store",Indian grocery store,28.446513999999997,77.0473561,"I purchase grocery item every weekend. because they give us discount on weekend and every festive season. They give huge discount on many items.
even they give  buy 1 get 1 item and buy 1 get 2 free items.
I have never seen this type of grocery item store. i would like to say all the people, please visit once Dainik Bazaar.",Edited 6 years ago,"Error: 

You tried to access openai.ChatCompletion, but this is no longer supported in openai>=1.0.0 - see the README at https://github.com/openai/openai-python for the API.

You can run `openai migrate` to automatically upgrade your codebase to use the 1.0.0 interface. 

Alternatively, you can pin your installation to the old version, e.g. `pip install openai==0.28`

A detailed migration guide is available here: https://github.com/openai/openai-python/discussions/742
"
"Dainik Bazaar, Grocery Store",Indian grocery store,28.446513999999997,77.0473561,They have good quality and most of the necessary items you need for daily use. But they need to work on non veg frozen items like sausages.l nuggets etc. They dont have those.. other than that u can enjoy variety of grocery shopping at this placeâ¤,3 years ago,"Error: 

You tried to access openai.ChatCompletion, but this is no longer supported in openai>=1.0.0 - see the README at https://github.com/openai/openai-python for the API.

You can run `openai migrate` to automatically upgrade your codebase to use the 1.0.0 interface. 

Alternatively, you can pin your installation to the old version, e.g. `pip install openai==0.28`

A detailed migration guide is available here: https://github.com/openai/openai-python/discussions/742
"
"Dainik Bazaar, Grocery Store",Indian grocery store,28.446513999999997,77.0473561,"one of the best stores to buy groceries. Prices are really reasonable as per expected quality. One of best thing is their in house bakery, loved the breads, muffins and pastries. You will find them always fresh and hygiene.",6 years ago,"Error: 

You tried to access openai.ChatCompletion, but this is no longer supported in openai>=1.0.0 - see the README at https://github.com/openai/openai-python for the API.

You can run `openai migrate` to automatically upgrade your codebase to use the 1.0.0 interface. 

Alternatively, you can pin your installation to the old version, e.g. `pip install openai==0.28`

A detailed migration guide is available here: https://github.com/openai/openai-python/discussions/742
"
Apna Bazaar,Grocery store,28.46013,77.0319667,"2 number ka marker ,if you are good in shopping then it will be up to the mark",a month ago,"Error: 

You tried to access openai.ChatCompletion, but this is no longer supported in openai>=1.0.0 - see the README at https://github.com/openai/openai-python for the API.

You can run `openai migrate` to automatically upgrade your codebase to use the 1.0.0 interface. 

Alternatively, you can pin your installation to the old version, e.g. `pip install openai==0.28`

A detailed migration guide is available here: https://github.com/openai/openai-python/discussions/742
"
Apna Bazaar,Grocery store,28.46013,77.0319667,It's the computer market hub. They have all the solutions for IT field related work.,3 years ago,"Error: 

You tried to access openai.ChatCompletion, but this is no longer supported in openai>=1.0.0 - see the README at https://github.com/openai/openai-python for the API.

You can run `openai migrate` to automatically upgrade your codebase to use the 1.0.0 interface. 

Alternatively, you can pin your installation to the old version, e.g. `pip install openai==0.28`

A detailed migration guide is available here: https://github.com/openai/openai-python/discussions/742
"
Apna Bazaar,Grocery store,28.46013,77.0319667,This place as simple as its name .its really like hub of market. One thing more I would like to add that in this place here is lots of consultancy which makes you believe to assure your job and demand money in lie of that. They can just ask fee 300-500 to tell you in how many industries interviews are going on. So you can pay for it but don't believe any one of that consultancy can assure of you job.,7 years ago,"Error: 

You tried to access openai.ChatCompletion, but this is no longer supported in openai>=1.0.0 - see the README at https://github.com/openai/openai-python for the API.

You can run `openai migrate` to automatically upgrade your codebase to use the 1.0.0 interface. 

Alternatively, you can pin your installation to the old version, e.g. `pip install openai==0.28`

A detailed migration guide is available here: https://github.com/openai/openai-python/discussions/742
"
Apna Bazaar,Grocery store,28.46013,77.0319667,"Computer accessories market.
Mobile phone accessories available.
Very Limited parking.
A very crowded place.
Bargain for the Product prices.

Cheaper than The other markets.
Wide variety of Electronic spare parts for Products available.

On the Outskirts of Sadar Bazaar.",2 years ago,"Error: 

You tried to access openai.ChatCompletion, but this is no longer supported in openai>=1.0.0 - see the README at https://github.com/openai/openai-python for the API.

You can run `openai migrate` to automatically upgrade your codebase to use the 1.0.0 interface. 

Alternatively, you can pin your installation to the old version, e.g. `pip install openai==0.28`

A detailed migration guide is available here: https://github.com/openai/openai-python/discussions/742
"
Apna Bazaar,Grocery store,28.46013,77.0319667,AP k bazaar the colors of joy and happiness and wonderful social media marketing and sales and marketing strategy for the first time in the supermarket,6 years ago,"Error: 

You tried to access openai.ChatCompletion, but this is no longer supported in openai>=1.0.0 - see the README at https://github.com/openai/openai-python for the API.

You can run `openai migrate` to automatically upgrade your codebase to use the 1.0.0 interface. 

Alternatively, you can pin your installation to the old version, e.g. `pip install openai==0.28`

A detailed migration guide is available here: https://github.com/openai/openai-python/discussions/742
"
Apna Bazaar,Grocery store,28.46013,77.0319667,Good,7 months ago,"Error: 

You tried to access openai.ChatCompletion, but this is no longer supported in openai>=1.0.0 - see the README at https://github.com/openai/openai-python for the API.

You can run `openai migrate` to automatically upgrade your codebase to use the 1.0.0 interface. 

Alternatively, you can pin your installation to the old version, e.g. `pip install openai==0.28`

A detailed migration guide is available here: https://github.com/openai/openai-python/discussions/742
"
Apna Bazaar,Grocery store,28.46013,77.0319667,"You can find every kind of shop here and the parking system is better now as well. This is your go to place if you need an accountant or tally service or property dealer or computer/phone buying /fixing or literally anything else
There's even Mr. DIY opened nearby.",Edited 3 years ago,"Error: 

You tried to access openai.ChatCompletion, but this is no longer supported in openai>=1.0.0 - see the README at https://github.com/openai/openai-python for the API.

You can run `openai migrate` to automatically upgrade your codebase to use the 1.0.0 interface. 

Alternatively, you can pin your installation to the old version, e.g. `pip install openai==0.28`

A detailed migration guide is available here: https://github.com/openai/openai-python/discussions/742
"
Apna Bazaar,Grocery store,28.46013,77.0319667,"Many consultancy and manpower provide firms are here.
Cleanliness is in worst condition.
Specially toilet smell will irritate u while passing from there.

Also pedestrian path became parking for bikes.
I request to govt. To take action against the people who don't follow rules and blame govt for any inconvenience.",6 years ago,"Error: 

You tried to access openai.ChatCompletion, but this is no longer supported in openai>=1.0.0 - see the README at https://github.com/openai/openai-python for the API.

You can run `openai migrate` to automatically upgrade your codebase to use the 1.0.0 interface. 

Alternatively, you can pin your installation to the old version, e.g. `pip install openai==0.28`

A detailed migration guide is available here: https://github.com/openai/openai-python/discussions/742
"
3D GROCERY STORE,Grocery store,28.455594899999998,77.0378863,"They thinks customer is fool and doesn't know anything, and charge high amount by putting their own price tag on dal, pulses, dry fruits and other such type items ..... I would suggest to buy things from reliance instead of such looters.",4 years ago,"Error: 

You tried to access openai.ChatCompletion, but this is no longer supported in openai>=1.0.0 - see the README at https://github.com/openai/openai-python for the API.

You can run `openai migrate` to automatically upgrade your codebase to use the 1.0.0 interface. 

Alternatively, you can pin your installation to the old version, e.g. `pip install openai==0.28`

A detailed migration guide is available here: https://github.com/openai/openai-python/discussions/742
"
3D GROCERY STORE,Grocery store,28.455594899999998,77.0378863,You can take all types of products,4 weeks ago,"Error: 

You tried to access openai.ChatCompletion, but this is no longer supported in openai>=1.0.0 - see the README at https://github.com/openai/openai-python for the API.

You can run `openai migrate` to automatically upgrade your codebase to use the 1.0.0 interface. 

Alternatively, you can pin your installation to the old version, e.g. `pip install openai==0.28`

A detailed migration guide is available here: https://github.com/openai/openai-python/discussions/742
"
3D GROCERY STORE,Grocery store,28.455594899999998,77.0378863,"Good grocery mart in proximity to residential location and has decent amount of options, there are not much discount available on items but good for daily needs. There is not much rush at billing so fast checkout.",a year ago,"Error: 

You tried to access openai.ChatCompletion, but this is no longer supported in openai>=1.0.0 - see the README at https://github.com/openai/openai-python for the API.

You can run `openai migrate` to automatically upgrade your codebase to use the 1.0.0 interface. 

Alternatively, you can pin your installation to the old version, e.g. `pip install openai==0.28`

A detailed migration guide is available here: https://github.com/openai/openai-python/discussions/742
"
3D GROCERY STORE,Grocery store,28.455594899999998,77.0378863,This store is nearby to the reliance  fresh store sector 15 .It is a 24*7 grocery shop where one can buy all home needs essential items. But few of the items  costlier than other places.,a year ago,"Error: 

You tried to access openai.ChatCompletion, but this is no longer supported in openai>=1.0.0 - see the README at https://github.com/openai/openai-python for the API.

You can run `openai migrate` to automatically upgrade your codebase to use the 1.0.0 interface. 

Alternatively, you can pin your installation to the old version, e.g. `pip install openai==0.28`

A detailed migration guide is available here: https://github.com/openai/openai-python/discussions/742
"
3D GROCERY STORE,Grocery store,28.455594899999998,77.0378863,"It's a very good and helpfull store when I went to this shop there is very nice staff and they helps me and they works properly and the shop is neat and clean.
One Good about store is that this store opens 24 hours",a year ago,"Error: 

You tried to access openai.ChatCompletion, but this is no longer supported in openai>=1.0.0 - see the README at https://github.com/openai/openai-python for the API.

You can run `openai migrate` to automatically upgrade your codebase to use the 1.0.0 interface. 

Alternatively, you can pin your installation to the old version, e.g. `pip install openai==0.28`

A detailed migration guide is available here: https://github.com/openai/openai-python/discussions/742
"
3D GROCERY STORE,Grocery store,28.455594899999998,77.0378863,Good place.. have wide range of items under 1 roof. Few more brands they can addd if possible. Then it will be a single point of purchase for localities.,3 years ago,"Error: 

You tried to access openai.ChatCompletion, but this is no longer supported in openai>=1.0.0 - see the README at https://github.com/openai/openai-python for the API.

You can run `openai migrate` to automatically upgrade your codebase to use the 1.0.0 interface. 

Alternatively, you can pin your installation to the old version, e.g. `pip install openai==0.28`

A detailed migration guide is available here: https://github.com/openai/openai-python/discussions/742
"
3D GROCERY STORE,Grocery store,28.455594899999998,77.0378863,"Horrible experience, i request everyone to check their bill, i bought hair serum which was for 150 the counter guy charged me 170 rs, this has happened multiple times, i feel this is what the owner is telling them to do. To make some extra money.",2 years ago,"Error: 

You tried to access openai.ChatCompletion, but this is no longer supported in openai>=1.0.0 - see the README at https://github.com/openai/openai-python for the API.

You can run `openai migrate` to automatically upgrade your codebase to use the 1.0.0 interface. 

Alternatively, you can pin your installation to the old version, e.g. `pip install openai==0.28`

A detailed migration guide is available here: https://github.com/openai/openai-python/discussions/742
"
3D GROCERY STORE,Grocery store,28.455594899999998,77.0378863,A general mart where you can find your daily needs without any hassle it all set up in a mall fashion with the well behaved and helpful employees. Also there is good stock for the products for day to day life style needs.,4 years ago,"Error: 

You tried to access openai.ChatCompletion, but this is no longer supported in openai>=1.0.0 - see the README at https://github.com/openai/openai-python for the API.

You can run `openai migrate` to automatically upgrade your codebase to use the 1.0.0 interface. 

Alternatively, you can pin your installation to the old version, e.g. `pip install openai==0.28`

A detailed migration guide is available here: https://github.com/openai/openai-python/discussions/742
"
Freshlee,Supermarket,28.457377599999997,77.0449704,"A good super market in sector 15 part 2 market in Gurgaon. Fresh products and co- operative staffs. You can access free parking of sector 15 part 2 market. Not very crowded . Vegetables and dairy  products are also available along with household stuffs . Two storie , the upper section with main entrance serves mostly perishable items . Neat and clean environment , for sector 15 part 2 people a go to place for regular grossery and other requirements.",6 years ago,"Error: 

You tried to access openai.ChatCompletion, but this is no longer supported in openai>=1.0.0 - see the README at https://github.com/openai/openai-python for the API.

You can run `openai migrate` to automatically upgrade your codebase to use the 1.0.0 interface. 

Alternatively, you can pin your installation to the old version, e.g. `pip install openai==0.28`

A detailed migration guide is available here: https://github.com/openai/openai-python/discussions/742
"
Freshlee,Supermarket,28.457377599999997,77.0449704,"I searched many places for California Fuji apple in Gurgaon, to my rescue this was the place and the quality was also good.
Located in sector 15 part 2 market and have quality products",a year ago,"Error: 

You tried to access openai.ChatCompletion, but this is no longer supported in openai>=1.0.0 - see the README at https://github.com/openai/openai-python for the API.

You can run `openai migrate` to automatically upgrade your codebase to use the 1.0.0 interface. 

Alternatively, you can pin your installation to the old version, e.g. `pip install openai==0.28`

A detailed migration guide is available here: https://github.com/openai/openai-python/discussions/742
"
Freshlee,Supermarket,28.457377599999997,77.0449704,"I would like them to give 5 star because of various reasons :

Amenities is superb.

Collection is just awesome.

Wide range of products.

Sincere staff.

Brand and quality.

From vegetable to fruits, grocery items to daily household products under one roof.

U will not find rush there.

Systematic,sorted and arranged counters.

They give free trial for some products like greentea with offer.

Accept digital payment too.

Now it is located in new place,in sector 15 part -2 huda market only, next to hdfc bank.",Edited a year ago,"Error: 

You tried to access openai.ChatCompletion, but this is no longer supported in openai>=1.0.0 - see the README at https://github.com/openai/openai-python for the API.

You can run `openai migrate` to automatically upgrade your codebase to use the 1.0.0 interface. 

Alternatively, you can pin your installation to the old version, e.g. `pip install openai==0.28`

A detailed migration guide is available here: https://github.com/openai/openai-python/discussions/742
"
Freshlee,Supermarket,28.457377599999997,77.0449704,"If you believe in absolute quality you reach this place for your purchases, if you are looking for discounted price items you can shop from outlets near to your home or modern retail outlets like reliance fresh.
Each product they sell is worth buying if you are quality conscious. Wide range of fresh items though a bit expensive but hand picked and fresh.
Worth purchasing.",4 years ago,"Error: 

You tried to access openai.ChatCompletion, but this is no longer supported in openai>=1.0.0 - see the README at https://github.com/openai/openai-python for the API.

You can run `openai migrate` to automatically upgrade your codebase to use the 1.0.0 interface. 

Alternatively, you can pin your installation to the old version, e.g. `pip install openai==0.28`

A detailed migration guide is available here: https://github.com/openai/openai-python/discussions/742
"
Freshlee,Supermarket,28.457377599999997,77.0449704,"A regular supermarket, not different from others in any way! Vegetables and fruits are fresh and are of good quality, but they come at a higher price. The groceries & toiletries section is in the basement, which makes life difficult if you are planning some heavy shopping since the billing counter is in the ground floor! There are 4 billing counters, but at least one will be non-functioning at any given point of time! The billing staff are not exactly customer friendly.",7 years ago,"Error: 

You tried to access openai.ChatCompletion, but this is no longer supported in openai>=1.0.0 - see the README at https://github.com/openai/openai-python for the API.

You can run `openai migrate` to automatically upgrade your codebase to use the 1.0.0 interface. 

Alternatively, you can pin your installation to the old version, e.g. `pip install openai==0.28`

A detailed migration guide is available here: https://github.com/openai/openai-python/discussions/742
"
Freshlee,Supermarket,28.457377599999997,77.0449704,"Good neighbourhood mart. You can get anything you need for daily goods. Two floors, sections neatly laid out, though you will occasionally require store assistance for tracing things. The store people are very warm though, pleasure to talk to them.",6 years ago,"Error: 

You tried to access openai.ChatCompletion, but this is no longer supported in openai>=1.0.0 - see the README at https://github.com/openai/openai-python for the API.

You can run `openai migrate` to automatically upgrade your codebase to use the 1.0.0 interface. 

Alternatively, you can pin your installation to the old version, e.g. `pip install openai==0.28`

A detailed migration guide is available here: https://github.com/openai/openai-python/discussions/742
"
Freshlee,Supermarket,28.457377599999997,77.0449704,"Worst service because of some person.
They have a lot of ego. They never listen costumer requirements.
Today is my last visit for this store.
I suggest people not to go this supper markets.
I have purchased last week 250gm almond it's too bitter I have return ther items but they are not ready to accept. I kept that almond their counter.
If freshlee don't listen customer feedback. It's sure their down fall start from today.",5 years ago,"Error: 

You tried to access openai.ChatCompletion, but this is no longer supported in openai>=1.0.0 - see the README at https://github.com/openai/openai-python for the API.

You can run `openai migrate` to automatically upgrade your codebase to use the 1.0.0 interface. 

Alternatively, you can pin your installation to the old version, e.g. `pip install openai==0.28`

A detailed migration guide is available here: https://github.com/openai/openai-python/discussions/742
"
Freshlee,Supermarket,28.457377599999997,77.0449704,"It is a super market. Good quality product. Vegetables and fruits are fresh and good. Now atta chakhhi is also there is basement.

Breads are very good fresh and soft. Bakery products are really good.

Counter staff has to be more polite and fast.",5 years ago,"Error: 

You tried to access openai.ChatCompletion, but this is no longer supported in openai>=1.0.0 - see the README at https://github.com/openai/openai-python for the API.

You can run `openai migrate` to automatically upgrade your codebase to use the 1.0.0 interface. 

Alternatively, you can pin your installation to the old version, e.g. `pip install openai==0.28`

A detailed migration guide is available here: https://github.com/openai/openai-python/discussions/742
"
Jyoti General Store,Indian grocery store,28.4514465,77.022941,"You can find most of the items of daily use and veggies, eggs, breads, noodles etc",2 months ago,"Error: 

You tried to access openai.ChatCompletion, but this is no longer supported in openai>=1.0.0 - see the README at https://github.com/openai/openai-python for the API.

You can run `openai migrate` to automatically upgrade your codebase to use the 1.0.0 interface. 

Alternatively, you can pin your installation to the old version, e.g. `pip install openai==0.28`

A detailed migration guide is available here: https://github.com/openai/openai-python/discussions/742
"
Jyoti General Store,Indian grocery store,28.4514465,77.022941,One stop shop for all the solutions.,6 months ago,"Error: 

You tried to access openai.ChatCompletion, but this is no longer supported in openai>=1.0.0 - see the README at https://github.com/openai/openai-python for the API.

You can run `openai migrate` to automatically upgrade your codebase to use the 1.0.0 interface. 

Alternatively, you can pin your installation to the old version, e.g. `pip install openai==0.28`

A detailed migration guide is available here: https://github.com/openai/openai-python/discussions/742
"
Jyoti General Store,Indian grocery store,28.4514465,77.022941,I am regularly purchase our general items which is use our routing life and my experience with this general store is good.,3 years ago,"Error: 

You tried to access openai.ChatCompletion, but this is no longer supported in openai>=1.0.0 - see the README at https://github.com/openai/openai-python for the API.

You can run `openai migrate` to automatically upgrade your codebase to use the 1.0.0 interface. 

Alternatively, you can pin your installation to the old version, e.g. `pip install openai==0.28`

A detailed migration guide is available here: https://github.com/openai/openai-python/discussions/742
"
Jyoti General Store,Indian grocery store,28.4514465,77.022941,Very nice place and will get every general basic necessities over here.,Edited 6 years ago,"Error: 

You tried to access openai.ChatCompletion, but this is no longer supported in openai>=1.0.0 - see the README at https://github.com/openai/openai-python for the API.

You can run `openai migrate` to automatically upgrade your codebase to use the 1.0.0 interface. 

Alternatively, you can pin your installation to the old version, e.g. `pip install openai==0.28`

A detailed migration guide is available here: https://github.com/openai/openai-python/discussions/742
"
Jyoti General Store,Indian grocery store,28.4514465,77.022941,"Street general store in shanti nagar gurgaon
...small routine stuff can be bought",7 years ago,"Error: 

You tried to access openai.ChatCompletion, but this is no longer supported in openai>=1.0.0 - see the README at https://github.com/openai/openai-python for the API.

You can run `openai migrate` to automatically upgrade your codebase to use the 1.0.0 interface. 

Alternatively, you can pin your installation to the old version, e.g. `pip install openai==0.28`

A detailed migration guide is available here: https://github.com/openai/openai-python/discussions/742
"
Jyoti General Store,Indian grocery store,28.4514465,77.022941,Mare favourite Shop h love you uncle ji,2 years ago,"Error: 

You tried to access openai.ChatCompletion, but this is no longer supported in openai>=1.0.0 - see the README at https://github.com/openai/openai-python for the API.

You can run `openai migrate` to automatically upgrade your codebase to use the 1.0.0 interface. 

Alternatively, you can pin your installation to the old version, e.g. `pip install openai==0.28`

A detailed migration guide is available here: https://github.com/openai/openai-python/discussions/742
"
Jyoti General Store,Indian grocery store,28.4514465,77.022941,It's a decent shop for buying general stuffs.,6 years ago,"Error: 

You tried to access openai.ChatCompletion, but this is no longer supported in openai>=1.0.0 - see the README at https://github.com/openai/openai-python for the API.

You can run `openai migrate` to automatically upgrade your codebase to use the 1.0.0 interface. 

Alternatively, you can pin your installation to the old version, e.g. `pip install openai==0.28`

A detailed migration guide is available here: https://github.com/openai/openai-python/discussions/742
"
Jyoti General Store,Indian grocery store,28.4514465,77.022941,Everything related to daily use. You can get from their.,6 years ago,"Error: 

You tried to access openai.ChatCompletion, but this is no longer supported in openai>=1.0.0 - see the README at https://github.com/openai/openai-python for the API.

You can run `openai migrate` to automatically upgrade your codebase to use the 1.0.0 interface. 

Alternatively, you can pin your installation to the old version, e.g. `pip install openai==0.28`

A detailed migration guide is available here: https://github.com/openai/openai-python/discussions/742
"
3 Storey Supermart,Indian grocery store,28.4556385,77.03783469999999,"The store is an absolute place to buy fancy non-alchoholic drinks and imported snacks. They offer wide variety of edibles, snacks, drinks and ice-creams. Also some gift items like miniature toys, hair accessories & some personal use items.

Best place to get daily utilities and basic groceries.",8 months ago,"Error: 

You tried to access openai.ChatCompletion, but this is no longer supported in openai>=1.0.0 - see the README at https://github.com/openai/openai-python for the API.

You can run `openai migrate` to automatically upgrade your codebase to use the 1.0.0 interface. 

Alternatively, you can pin your installation to the old version, e.g. `pip install openai==0.28`

A detailed migration guide is available here: https://github.com/openai/openai-python/discussions/742
"
3 Storey Supermart,Indian grocery store,28.4556385,77.03783469999999,"Best 24Ã—7 open Supermart in city.
I would definitely mention the politeness of thier staff.
They were very prompt to help thjer customers in finding items from thier shelves.
When all stores are closed, u may knock 3 storey supermart  for all your needs. They will serve all ur needs specifically last minute buys such as gifts, grocery, cakes etc.

Once again kudos 3 storey team in handling thier customers.

Now they have extended their store size too which mean one get more products under one roof.",Edited a year ago,"Error: 

You tried to access openai.ChatCompletion, but this is no longer supported in openai>=1.0.0 - see the README at https://github.com/openai/openai-python for the API.

You can run `openai migrate` to automatically upgrade your codebase to use the 1.0.0 interface. 

Alternatively, you can pin your installation to the old version, e.g. `pip install openai==0.28`

A detailed migration guide is available here: https://github.com/openai/openai-python/discussions/742
"
3 Storey Supermart,Indian grocery store,28.4556385,77.03783469999999,"Beware of buying anything if you want to exchange or return previous bill needs to be submitted.
Staff is non corporative in this matter too. They will simply ignore your saying without previous bill.",a year ago,"Error: 

You tried to access openai.ChatCompletion, but this is no longer supported in openai>=1.0.0 - see the README at https://github.com/openai/openai-python for the API.

You can run `openai migrate` to automatically upgrade your codebase to use the 1.0.0 interface. 

Alternatively, you can pin your installation to the old version, e.g. `pip install openai==0.28`

A detailed migration guide is available here: https://github.com/openai/openai-python/discussions/742
"
3 Storey Supermart,Indian grocery store,28.4556385,77.03783469999999,"Sorry to post this but the behavior of the person who was at the counter today at today around 9.50 pm was very rude to me  I was standing at the side as the bill counter was overcrowded by the males that's why I asked him to do my billing fast as I was waiting there for 15 minutes, he asked to come on that sideand out the items in basket in A very rude way I left the items there and ask him to behave properly,  I request  the owner Mr Manish   to take strict actions against those employees who are not behaving  properly with customers.  I have decided not to purchase  anything from this store.",3 years ago,"Error: 

You tried to access openai.ChatCompletion, but this is no longer supported in openai>=1.0.0 - see the README at https://github.com/openai/openai-python for the API.

You can run `openai migrate` to automatically upgrade your codebase to use the 1.0.0 interface. 

Alternatively, you can pin your installation to the old version, e.g. `pip install openai==0.28`

A detailed migration guide is available here: https://github.com/openai/openai-python/discussions/742
"
3 Storey Supermart,Indian grocery store,28.4556385,77.03783469999999,"The owner of this store Mr. Manish is not a professional. As a company i put our stock in store without any display charge and when stock had not move i asked him to return the product. He denied and said I will charge display. I will not bear Loos. Although there was no mail no conversation for and amout. He still saying not to return the stock.

Please company be careful when dealing with him.",2 years ago,"Error: 

You tried to access openai.ChatCompletion, but this is no longer supported in openai>=1.0.0 - see the README at https://github.com/openai/openai-python for the API.

You can run `openai migrate` to automatically upgrade your codebase to use the 1.0.0 interface. 

Alternatively, you can pin your installation to the old version, e.g. `pip install openai==0.28`

A detailed migration guide is available here: https://github.com/openai/openai-python/discussions/742
"
3 Storey Supermart,Indian grocery store,28.4556385,77.03783469999999,"I visited today..
Pathetic customer service. Shame on supermart helper boys who do not know anything about the product and says ""ap dekhlo ya counter pe puchlo"". Even the girl who does billing did not show how much pricing she has input for the products and when we said the helper gave us wrong product, please take it back right at the billing counter. She said now you have to pay and when we complained she said to buy something else but no money refund we did not wanted that product. Also there was no price label displayed and when we asked the reason, she replied this is how all the supermarkets work as if we have never been to any supermart ever.",2 years ago,"Error: 

You tried to access openai.ChatCompletion, but this is no longer supported in openai>=1.0.0 - see the README at https://github.com/openai/openai-python for the API.

You can run `openai migrate` to automatically upgrade your codebase to use the 1.0.0 interface. 

Alternatively, you can pin your installation to the old version, e.g. `pip install openai==0.28`

A detailed migration guide is available here: https://github.com/openai/openai-python/discussions/742
"
3 Storey Supermart,Indian grocery store,28.4556385,77.03783469999999,Very bad experienceâ€¦ The price of Davidoff coffee fluctuates everyday.. No fixed price. One day it is 490 another day it is 525. I bought the coffee for 430 from the same store one month back and now the price is 525 and they are not even accepting that they sole it for 430.,3 years ago,"Error: 

You tried to access openai.ChatCompletion, but this is no longer supported in openai>=1.0.0 - see the README at https://github.com/openai/openai-python for the API.

You can run `openai migrate` to automatically upgrade your codebase to use the 1.0.0 interface. 

Alternatively, you can pin your installation to the old version, e.g. `pip install openai==0.28`

A detailed migration guide is available here: https://github.com/openai/openai-python/discussions/742
"
3 Storey Supermart,Indian grocery store,28.4556385,77.03783469999999,"The only store i visit for my late hours needs. I prefer 3 storey over 24Seven stores.
They have wide variety of ice creams which i love the most.",Edited 2 years ago,"Error: 

You tried to access openai.ChatCompletion, but this is no longer supported in openai>=1.0.0 - see the README at https://github.com/openai/openai-python for the API.

You can run `openai migrate` to automatically upgrade your codebase to use the 1.0.0 interface. 

Alternatively, you can pin your installation to the old version, e.g. `pip install openai==0.28`

A detailed migration guide is available here: https://github.com/openai/openai-python/discussions/742
"
Sahil General Store,Grocery store,28.4586325,77.0128814,Economical grocery store,6 years ago,"Error: 

You tried to access openai.ChatCompletion, but this is no longer supported in openai>=1.0.0 - see the README at https://github.com/openai/openai-python for the API.

You can run `openai migrate` to automatically upgrade your codebase to use the 1.0.0 interface. 

Alternatively, you can pin your installation to the old version, e.g. `pip install openai==0.28`

A detailed migration guide is available here: https://github.com/openai/openai-python/discussions/742
"
Sahil General Store,Grocery store,28.4586325,77.0128814,Good General store,6 years ago,"Error: 

You tried to access openai.ChatCompletion, but this is no longer supported in openai>=1.0.0 - see the README at https://github.com/openai/openai-python for the API.

You can run `openai migrate` to automatically upgrade your codebase to use the 1.0.0 interface. 

Alternatively, you can pin your installation to the old version, e.g. `pip install openai==0.28`

A detailed migration guide is available here: https://github.com/openai/openai-python/discussions/742
"
Sahil General Store,Grocery store,28.4586325,77.0128814,Bahut achha,2 years ago,"Error: 

You tried to access openai.ChatCompletion, but this is no longer supported in openai>=1.0.0 - see the README at https://github.com/openai/openai-python for the API.

You can run `openai migrate` to automatically upgrade your codebase to use the 1.0.0 interface. 

Alternatively, you can pin your installation to the old version, e.g. `pip install openai==0.28`

A detailed migration guide is available here: https://github.com/openai/openai-python/discussions/742
"
Sahil General Store,Grocery store,28.4586325,77.0128814,,2 years ago,No review
Sahil General Store,Grocery store,28.4586325,77.0128814,,2 years ago,No review
Sahil General Store,Grocery store,28.4586325,77.0128814,,3 years ago,No review
Khandelwal Store,Grocery store,28.4647296,77.0402112,Very good shop,2 years ago,"Error: 

You tried to access openai.ChatCompletion, but this is no longer supported in openai>=1.0.0 - see the README at https://github.com/openai/openai-python for the API.

You can run `openai migrate` to automatically upgrade your codebase to use the 1.0.0 interface. 

Alternatively, you can pin your installation to the old version, e.g. `pip install openai==0.28`

A detailed migration guide is available here: https://github.com/openai/openai-python/discussions/742
"
Khandelwal Store,Grocery store,28.4647296,77.0402112,Good experience,a year ago,"Error: 

You tried to access openai.ChatCompletion, but this is no longer supported in openai>=1.0.0 - see the README at https://github.com/openai/openai-python for the API.

You can run `openai migrate` to automatically upgrade your codebase to use the 1.0.0 interface. 

Alternatively, you can pin your installation to the old version, e.g. `pip install openai==0.28`

A detailed migration guide is available here: https://github.com/openai/openai-python/discussions/742
"
Khandelwal Store,Grocery store,28.4647296,77.0402112,,a year ago,No review
Khandelwal Store,Grocery store,28.4647296,77.0402112,,a year ago,No review
Khandelwal Store,Grocery store,28.4647296,77.0402112,,2 years ago,No review
Khandelwal Store,Grocery store,28.4647296,77.0402112,,2 years ago,No review
Khandelwal Store,Grocery store,28.4647296,77.0402112,,3 years ago,No review
Grahini Super Store,Grocery store,28.4615029,77.0304787,"Shop is located in center of sadar market. Surrounded by so many other shops, This is basically a famous market in Gurgaon, Very crowded on Saturday & Sunday. You can buy almost all groceries and Ration at this store, price is good and negotiable. Owner of shop keeper is very humble, This is shop cum department store. Workers behaviour needs improvement.
#DepartmentalStore
#GroceryStore
#SadarBazar
#CheapGrocery
#Userfriendly",6 years ago,"Error: 

You tried to access openai.ChatCompletion, but this is no longer supported in openai>=1.0.0 - see the README at https://github.com/openai/openai-python for the API.

You can run `openai migrate` to automatically upgrade your codebase to use the 1.0.0 interface. 

Alternatively, you can pin your installation to the old version, e.g. `pip install openai==0.28`

A detailed migration guide is available here: https://github.com/openai/openai-python/discussions/742
"
Grahini Super Store,Grocery store,28.4615029,77.0304787,"Normal Purchases made simple and very very affordable shop and in all maximum items you will definitely have discount and Rice is also available for purchase and different kinds of rice are available and if you purchase in large quantities definitely you will have discount and paying also very easy way. You can pay by UPI or cash in any manner. Very nice shop and It is located in very entrance of sadar Bazar only.
Maximum all home goods are available here.",4 years ago,"Error: 

You tried to access openai.ChatCompletion, but this is no longer supported in openai>=1.0.0 - see the README at https://github.com/openai/openai-python for the API.

You can run `openai migrate` to automatically upgrade your codebase to use the 1.0.0 interface. 

Alternatively, you can pin your installation to the old version, e.g. `pip install openai==0.28`

A detailed migration guide is available here: https://github.com/openai/openai-python/discussions/742
"
Grahini Super Store,Grocery store,28.4615029,77.0304787,Shop is fine in sector 15 however is not much variety available into the shop and the take time to take the item to yourself so you don't go and ask that please show me any other brand. You have to purchase what they are showing you and owner is nice and he talks gently.,4 years ago,"Error: 

You tried to access openai.ChatCompletion, but this is no longer supported in openai>=1.0.0 - see the README at https://github.com/openai/openai-python for the API.

You can run `openai migrate` to automatically upgrade your codebase to use the 1.0.0 interface. 

Alternatively, you can pin your installation to the old version, e.g. `pip install openai==0.28`

A detailed migration guide is available here: https://github.com/openai/openai-python/discussions/742
"
Grahini Super Store,Grocery store,28.4615029,77.0304787,This palace garhini super store sadar bazaar gurgaon haryana near Rajiv chowk near sohna chok general Store all items available beat rate gurgaon haryana This palace garhini super store sadar bazaar gurgaon haryana near Rajiv chowk near sohna chok general Store all items available beat rate gurgaon haryana,2 years ago,"Error: 

You tried to access openai.ChatCompletion, but this is no longer supported in openai>=1.0.0 - see the README at https://github.com/openai/openai-python for the API.

You can run `openai migrate` to automatically upgrade your codebase to use the 1.0.0 interface. 

Alternatively, you can pin your installation to the old version, e.g. `pip install openai==0.28`

A detailed migration guide is available here: https://github.com/openai/openai-python/discussions/742
"
Grahini Super Store,Grocery store,28.4615029,77.0304787,"Very nice person, reasonable rates. Would suggest to keep more options of gift boxes for Dry  Fruits.",4 years ago,"Error: 

You tried to access openai.ChatCompletion, but this is no longer supported in openai>=1.0.0 - see the README at https://github.com/openai/openai-python for the API.

You can run `openai migrate` to automatically upgrade your codebase to use the 1.0.0 interface. 

Alternatively, you can pin your installation to the old version, e.g. `pip install openai==0.28`

A detailed migration guide is available here: https://github.com/openai/openai-python/discussions/742
"
Grahini Super Store,Grocery store,28.4615029,77.0304787,Good shop for getting your grocery needs fulfilled at reasonable rates.,7 years ago,"Error: 

You tried to access openai.ChatCompletion, but this is no longer supported in openai>=1.0.0 - see the README at https://github.com/openai/openai-python for the API.

You can run `openai migrate` to automatically upgrade your codebase to use the 1.0.0 interface. 

Alternatively, you can pin your installation to the old version, e.g. `pip install openai==0.28`

A detailed migration guide is available here: https://github.com/openai/openai-python/discussions/742
"
Grahini Super Store,Grocery store,28.4615029,77.0304787,You can have all of your grocery need here at reasonable price,5 years ago,"Error: 

You tried to access openai.ChatCompletion, but this is no longer supported in openai>=1.0.0 - see the README at https://github.com/openai/openai-python for the API.

You can run `openai migrate` to automatically upgrade your codebase to use the 1.0.0 interface. 

Alternatively, you can pin your installation to the old version, e.g. `pip install openai==0.28`

A detailed migration guide is available here: https://github.com/openai/openai-python/discussions/742
"
Grahini Super Store,Grocery store,28.4615029,77.0304787,"This is a general store and located in main sadar baazaar gurgaon. you can buy all grocery item from this shop,,,,,,,",3 years ago,"Error: 

You tried to access openai.ChatCompletion, but this is no longer supported in openai>=1.0.0 - see the README at https://github.com/openai/openai-python for the API.

You can run `openai migrate` to automatically upgrade your codebase to use the 1.0.0 interface. 

Alternatively, you can pin your installation to the old version, e.g. `pip install openai==0.28`

A detailed migration guide is available here: https://github.com/openai/openai-python/discussions/742
"
Shri Radhe Grocery Store,Grocery store,28.472895599999998,77.0195246,,2 years ago,No review
Manish Provisional Store,Indian grocery store,28.4527817,77.0381074,Good place,2 weeks ago,"Error: 

You tried to access openai.ChatCompletion, but this is no longer supported in openai>=1.0.0 - see the README at https://github.com/openai/openai-python for the API.

You can run `openai migrate` to automatically upgrade your codebase to use the 1.0.0 interface. 

Alternatively, you can pin your installation to the old version, e.g. `pip install openai==0.28`

A detailed migration guide is available here: https://github.com/openai/openai-python/discussions/742
"
Manish Provisional Store,Indian grocery store,28.4527817,77.0381074,Really GROSS place can only get some things of my need,7 years ago,"Error: 

You tried to access openai.ChatCompletion, but this is no longer supported in openai>=1.0.0 - see the README at https://github.com/openai/openai-python for the API.

You can run `openai migrate` to automatically upgrade your codebase to use the 1.0.0 interface. 

Alternatively, you can pin your installation to the old version, e.g. `pip install openai==0.28`

A detailed migration guide is available here: https://github.com/openai/openai-python/discussions/742
"
Manish Provisional Store,Indian grocery store,28.4527817,77.0381074,Very nice customer service here !!,7 years ago,"Error: 

You tried to access openai.ChatCompletion, but this is no longer supported in openai>=1.0.0 - see the README at https://github.com/openai/openai-python for the API.

You can run `openai migrate` to automatically upgrade your codebase to use the 1.0.0 interface. 

Alternatively, you can pin your installation to the old version, e.g. `pip install openai==0.28`

A detailed migration guide is available here: https://github.com/openai/openai-python/discussions/742
"
Manish Provisional Store,Indian grocery store,28.4527817,77.0381074,okay okay if you require groceries urgently.,7 years ago,"Error: 

You tried to access openai.ChatCompletion, but this is no longer supported in openai>=1.0.0 - see the README at https://github.com/openai/openai-python for the API.

You can run `openai migrate` to automatically upgrade your codebase to use the 1.0.0 interface. 

Alternatively, you can pin your installation to the old version, e.g. `pip install openai==0.28`

A detailed migration guide is available here: https://github.com/openai/openai-python/discussions/742
"
Manish Provisional Store,Indian grocery store,28.4527817,77.0381074,Small shop in the colony for daily needs.,6 years ago,"Error: 

You tried to access openai.ChatCompletion, but this is no longer supported in openai>=1.0.0 - see the README at https://github.com/openai/openai-python for the API.

You can run `openai migrate` to automatically upgrade your codebase to use the 1.0.0 interface. 

Alternatively, you can pin your installation to the old version, e.g. `pip install openai==0.28`

A detailed migration guide is available here: https://github.com/openai/openai-python/discussions/742
"
Manish Provisional Store,Indian grocery store,28.4527817,77.0381074,Nice work,7 years ago,"Error: 

You tried to access openai.ChatCompletion, but this is no longer supported in openai>=1.0.0 - see the README at https://github.com/openai/openai-python for the API.

You can run `openai migrate` to automatically upgrade your codebase to use the 1.0.0 interface. 

Alternatively, you can pin your installation to the old version, e.g. `pip install openai==0.28`

A detailed migration guide is available here: https://github.com/openai/openai-python/discussions/742
"
Manish Provisional Store,Indian grocery store,28.4527817,77.0381074,Simple yet standard,6 years ago,"Error: 

You tried to access openai.ChatCompletion, but this is no longer supported in openai>=1.0.0 - see the README at https://github.com/openai/openai-python for the API.

You can run `openai migrate` to automatically upgrade your codebase to use the 1.0.0 interface. 

Alternatively, you can pin your installation to the old version, e.g. `pip install openai==0.28`

A detailed migration guide is available here: https://github.com/openai/openai-python/discussions/742
"
Manish Provisional Store,Indian grocery store,28.4527817,77.0381074,Customer Satisfaction,7 years ago,"Error: 

You tried to access openai.ChatCompletion, but this is no longer supported in openai>=1.0.0 - see the README at https://github.com/openai/openai-python for the API.

You can run `openai migrate` to automatically upgrade your codebase to use the 1.0.0 interface. 

Alternatively, you can pin your installation to the old version, e.g. `pip install openai==0.28`

A detailed migration guide is available here: https://github.com/openai/openai-python/discussions/742
"
Hans grocery store,Grocery store,28.4438449,77.0173489,Great place to shop all items at one place,2 months ago,"Error: 

You tried to access openai.ChatCompletion, but this is no longer supported in openai>=1.0.0 - see the README at https://github.com/openai/openai-python for the API.

You can run `openai migrate` to automatically upgrade your codebase to use the 1.0.0 interface. 

Alternatively, you can pin your installation to the old version, e.g. `pip install openai==0.28`

A detailed migration guide is available here: https://github.com/openai/openai-python/discussions/742
"
Hans grocery store,Grocery store,28.4438449,77.0173489,Best place to shop all grocery items at one place.,a year ago,"Error: 

You tried to access openai.ChatCompletion, but this is no longer supported in openai>=1.0.0 - see the README at https://github.com/openai/openai-python for the API.

You can run `openai migrate` to automatically upgrade your codebase to use the 1.0.0 interface. 

Alternatively, you can pin your installation to the old version, e.g. `pip install openai==0.28`

A detailed migration guide is available here: https://github.com/openai/openai-python/discussions/742
"
Hans grocery store,Grocery store,28.4438449,77.0173489,"Excellent, daily needs products available",a year ago,"Error: 

You tried to access openai.ChatCompletion, but this is no longer supported in openai>=1.0.0 - see the README at https://github.com/openai/openai-python for the API.

You can run `openai migrate` to automatically upgrade your codebase to use the 1.0.0 interface. 

Alternatively, you can pin your installation to the old version, e.g. `pip install openai==0.28`

A detailed migration guide is available here: https://github.com/openai/openai-python/discussions/742
"
Hans grocery store,Grocery store,28.4438449,77.0173489,All products are available on reasonable rates,a year ago,"Error: 

You tried to access openai.ChatCompletion, but this is no longer supported in openai>=1.0.0 - see the README at https://github.com/openai/openai-python for the API.

You can run `openai migrate` to automatically upgrade your codebase to use the 1.0.0 interface. 

Alternatively, you can pin your installation to the old version, e.g. `pip install openai==0.28`

A detailed migration guide is available here: https://github.com/openai/openai-python/discussions/742
"
Hans grocery store,Grocery store,28.4438449,77.0173489,Best place to buy at good price.,a year ago,"Error: 

You tried to access openai.ChatCompletion, but this is no longer supported in openai>=1.0.0 - see the README at https://github.com/openai/openai-python for the API.

You can run `openai migrate` to automatically upgrade your codebase to use the 1.0.0 interface. 

Alternatively, you can pin your installation to the old version, e.g. `pip install openai==0.28`

A detailed migration guide is available here: https://github.com/openai/openai-python/discussions/742
"
Hans grocery store,Grocery store,28.4438449,77.0173489,Good quality and lots of variety are available here.,5 years ago,"Error: 

You tried to access openai.ChatCompletion, but this is no longer supported in openai>=1.0.0 - see the README at https://github.com/openai/openai-python for the API.

You can run `openai migrate` to automatically upgrade your codebase to use the 1.0.0 interface. 

Alternatively, you can pin your installation to the old version, e.g. `pip install openai==0.28`

A detailed migration guide is available here: https://github.com/openai/openai-python/discussions/742
"
Hans grocery store,Grocery store,28.4438449,77.0173489,All products are available at one place,a year ago,"Error: 

You tried to access openai.ChatCompletion, but this is no longer supported in openai>=1.0.0 - see the README at https://github.com/openai/openai-python for the API.

You can run `openai migrate` to automatically upgrade your codebase to use the 1.0.0 interface. 

Alternatively, you can pin your installation to the old version, e.g. `pip install openai==0.28`

A detailed migration guide is available here: https://github.com/openai/openai-python/discussions/742
"
Hans grocery store,Grocery store,28.4438449,77.0173489,Best place to buy grocery ðŸ˜‹,a year ago,"Error: 

You tried to access openai.ChatCompletion, but this is no longer supported in openai>=1.0.0 - see the README at https://github.com/openai/openai-python for the API.

You can run `openai migrate` to automatically upgrade your codebase to use the 1.0.0 interface. 

Alternatively, you can pin your installation to the old version, e.g. `pip install openai==0.28`

A detailed migration guide is available here: https://github.com/openai/openai-python/discussions/742
"
Santosh Quality Store,Indian grocery store,28.453280999999997,77.03738899999999,Grocery store within the vicinity of sector 15 part 1 and Kirti Nagar Gurgaon. Its a small shop with daily utility items. Owners are good too. It operates from approx 6:30 am to 10 pm. Vegetables are also available but not so fresh all the time. You may buy them depending on your requirement (emergency).,7 years ago,"Error: 

You tried to access openai.ChatCompletion, but this is no longer supported in openai>=1.0.0 - see the README at https://github.com/openai/openai-python for the API.

You can run `openai migrate` to automatically upgrade your codebase to use the 1.0.0 interface. 

Alternatively, you can pin your installation to the old version, e.g. `pip install openai==0.28`

A detailed migration guide is available here: https://github.com/openai/openai-python/discussions/742
"
Santosh Quality Store,Indian grocery store,28.453280999999997,77.03738899999999,It supplies Bisleri and other water bottles 20L in sector 15.,7 years ago,"Error: 

You tried to access openai.ChatCompletion, but this is no longer supported in openai>=1.0.0 - see the README at https://github.com/openai/openai-python for the API.

You can run `openai migrate` to automatically upgrade your codebase to use the 1.0.0 interface. 

Alternatively, you can pin your installation to the old version, e.g. `pip install openai==0.28`

A detailed migration guide is available here: https://github.com/openai/openai-python/discussions/742
"
Santosh Quality Store,Indian grocery store,28.453280999999997,77.03738899999999,Everytime available but prices are a little high.,6 years ago,"Error: 

You tried to access openai.ChatCompletion, but this is no longer supported in openai>=1.0.0 - see the README at https://github.com/openai/openai-python for the API.

You can run `openai migrate` to automatically upgrade your codebase to use the 1.0.0 interface. 

Alternatively, you can pin your installation to the old version, e.g. `pip install openai==0.28`

A detailed migration guide is available here: https://github.com/openai/openai-python/discussions/742
"
Santosh Quality Store,Indian grocery store,28.453280999999997,77.03738899999999,Best shop of grocery iteam,8 years ago,"Error: 

You tried to access openai.ChatCompletion, but this is no longer supported in openai>=1.0.0 - see the README at https://github.com/openai/openai-python for the API.

You can run `openai migrate` to automatically upgrade your codebase to use the 1.0.0 interface. 

Alternatively, you can pin your installation to the old version, e.g. `pip install openai==0.28`

A detailed migration guide is available here: https://github.com/openai/openai-python/discussions/742
"
Santosh Quality Store,Indian grocery store,28.453280999999997,77.03738899999999,Good shop,3 years ago,"Error: 

You tried to access openai.ChatCompletion, but this is no longer supported in openai>=1.0.0 - see the README at https://github.com/openai/openai-python for the API.

You can run `openai migrate` to automatically upgrade your codebase to use the 1.0.0 interface. 

Alternatively, you can pin your installation to the old version, e.g. `pip install openai==0.28`

A detailed migration guide is available here: https://github.com/openai/openai-python/discussions/742
"
Santosh Quality Store,Indian grocery store,28.453280999999997,77.03738899999999,Only good,8 years ago,"Error: 

You tried to access openai.ChatCompletion, but this is no longer supported in openai>=1.0.0 - see the README at https://github.com/openai/openai-python for the API.

You can run `openai migrate` to automatically upgrade your codebase to use the 1.0.0 interface. 

Alternatively, you can pin your installation to the old version, e.g. `pip install openai==0.28`

A detailed migration guide is available here: https://github.com/openai/openai-python/discussions/742
"
Santosh Quality Store,Indian grocery store,28.453280999999997,77.03738899999999,Best shop,8 years ago,"Error: 

You tried to access openai.ChatCompletion, but this is no longer supported in openai>=1.0.0 - see the README at https://github.com/openai/openai-python for the API.

You can run `openai migrate` to automatically upgrade your codebase to use the 1.0.0 interface. 

Alternatively, you can pin your installation to the old version, e.g. `pip install openai==0.28`

A detailed migration guide is available here: https://github.com/openai/openai-python/discussions/742
"
Santosh Quality Store,Indian grocery store,28.453280999999997,77.03738899999999,Overall best,a year ago,"Error: 

You tried to access openai.ChatCompletion, but this is no longer supported in openai>=1.0.0 - see the README at https://github.com/openai/openai-python for the API.

You can run `openai migrate` to automatically upgrade your codebase to use the 1.0.0 interface. 

Alternatively, you can pin your installation to the old version, e.g. `pip install openai==0.28`

A detailed migration guide is available here: https://github.com/openai/openai-python/discussions/742
"
Jaswnat general store,Indian grocery store,28.451419299999998,77.0092887,Rinku,2 years ago,"Error: 

You tried to access openai.ChatCompletion, but this is no longer supported in openai>=1.0.0 - see the README at https://github.com/openai/openai-python for the API.

You can run `openai migrate` to automatically upgrade your codebase to use the 1.0.0 interface. 

Alternatively, you can pin your installation to the old version, e.g. `pip install openai==0.28`

A detailed migration guide is available here: https://github.com/openai/openai-python/discussions/742
"
Jaswnat general store,Indian grocery store,28.451419299999998,77.0092887,,2 years ago,No review
Jaswnat general store,Indian grocery store,28.451419299999998,77.0092887,,3 years ago,No review
Garg Dastak Sector - 31,Indian grocery store,28.453236399999998,77.0504582,"Excellent experience all time, since more than dacade. Fully supportive staff, Quality of products. Value for money. Keep it up.",Edited 5 months ago,"Error: 

You tried to access openai.ChatCompletion, but this is no longer supported in openai>=1.0.0 - see the README at https://github.com/openai/openai-python for the API.

You can run `openai migrate` to automatically upgrade your codebase to use the 1.0.0 interface. 

Alternatively, you can pin your installation to the old version, e.g. `pip install openai==0.28`

A detailed migration guide is available here: https://github.com/openai/openai-python/discussions/742
"
Garg Dastak Sector - 31,Indian grocery store,28.453236399999998,77.0504582,I have recently started using their delivery services.This was my second delivery of purchased items and I gave my own bag for delivery.I have received my items wet and dirty.Also my bag was completely in mud it was dirty.I am very much disappointed as I have to clean and wash all the packets .,6 months ago,"Error: 

You tried to access openai.ChatCompletion, but this is no longer supported in openai>=1.0.0 - see the README at https://github.com/openai/openai-python for the API.

You can run `openai migrate` to automatically upgrade your codebase to use the 1.0.0 interface. 

Alternatively, you can pin your installation to the old version, e.g. `pip install openai==0.28`

A detailed migration guide is available here: https://github.com/openai/openai-python/discussions/742
"
Garg Dastak Sector - 31,Indian grocery store,28.453236399999998,77.0504582,"Good departmental store.
All types of grocery and other items are available.
There is good variety and prices are reasonable.",9 months ago,"Error: 

You tried to access openai.ChatCompletion, but this is no longer supported in openai>=1.0.0 - see the README at https://github.com/openai/openai-python for the API.

You can run `openai migrate` to automatically upgrade your codebase to use the 1.0.0 interface. 

Alternatively, you can pin your installation to the old version, e.g. `pip install openai==0.28`

A detailed migration guide is available here: https://github.com/openai/openai-python/discussions/742
"
Garg Dastak Sector - 31,Indian grocery store,28.453236399999998,77.0504582,Have been shopping here for  more than ten years now.Never had a problem.Staff is always ready to help and the variety of products is simply huge.,a year ago,"Error: 

You tried to access openai.ChatCompletion, but this is no longer supported in openai>=1.0.0 - see the README at https://github.com/openai/openai-python for the API.

You can run `openai migrate` to automatically upgrade your codebase to use the 1.0.0 interface. 

Alternatively, you can pin your installation to the old version, e.g. `pip install openai==0.28`

A detailed migration guide is available here: https://github.com/openai/openai-python/discussions/742
"
Garg Dastak Sector - 31,Indian grocery store,28.453236399999998,77.0504582,Good product quality ðŸ˜„ðŸ˜„ and good staff helpful,5 months ago,"Error: 

You tried to access openai.ChatCompletion, but this is no longer supported in openai>=1.0.0 - see the README at https://github.com/openai/openai-python for the API.

You can run `openai migrate` to automatically upgrade your codebase to use the 1.0.0 interface. 

Alternatively, you can pin your installation to the old version, e.g. `pip install openai==0.28`

A detailed migration guide is available here: https://github.com/openai/openai-python/discussions/742
"
Garg Dastak Sector - 31,Indian grocery store,28.453236399999998,77.0504582,"I am very old customer for Destak Sector 31 Gurgaon Store. Always appreciate response and service provided by store staff. But today morning I visited store to purchase monthly grocery. Unfortunately server was down for billing I was waiting at counter for billing, waited about 10-15 min . Finally staff decided to make mannual bills for customers. There was big line on cash counter . One Mr Sharma also came on counter , I told him take mannual bill pad and help other staff to clear the queue. He very rudely said khade raho time lagega. Is this way to talk to customer. I went there to purchase stuff. It was not free service ( Langer nahi bant rahe). Then I decided to move and left the store and decided not to come again to such place where people don't have courtesy and don't know how to talk to customers",a year ago,"Error: 

You tried to access openai.ChatCompletion, but this is no longer supported in openai>=1.0.0 - see the README at https://github.com/openai/openai-python for the API.

You can run `openai migrate` to automatically upgrade your codebase to use the 1.0.0 interface. 

Alternatively, you can pin your installation to the old version, e.g. `pip install openai==0.28`

A detailed migration guide is available here: https://github.com/openai/openai-python/discussions/742
"
Garg Dastak Sector - 31,Indian grocery store,28.453236399999998,77.0504582,"It has wide range of products and the service is good.
You would find all you need for your household grocery within this one store.
They do not provide home delivery which is a disappointment but the quality and variety of good in this store makes people run to come here and buy stuff.
One stop grocery store for people around sector 31.",7 years ago,"Error: 

You tried to access openai.ChatCompletion, but this is no longer supported in openai>=1.0.0 - see the README at https://github.com/openai/openai-python for the API.

You can run `openai migrate` to automatically upgrade your codebase to use the 1.0.0 interface. 

Alternatively, you can pin your installation to the old version, e.g. `pip install openai==0.28`

A detailed migration guide is available here: https://github.com/openai/openai-python/discussions/742
"
Garg Dastak Sector - 31,Indian grocery store,28.453236399999998,77.0504582,"A one stop solution for all your grocery requirements (except fresh fruits and vegetables). This supermarket exhibits a collection of all brands and all products for your daily use, across 4 storeys, one could possibly think of. The discounts offered on MRP are also considerably nice, and they have their own economical and good quality range of certain product categories like spices/condiments, dry fruits, flours etc. It is indeed one of the best supermarts in Sector 31 and nearby area. You would always find superb on arrival stock of festive purchases. Recommended.",Edited 6 years ago,"Error: 

You tried to access openai.ChatCompletion, but this is no longer supported in openai>=1.0.0 - see the README at https://github.com/openai/openai-python for the API.

You can run `openai migrate` to automatically upgrade your codebase to use the 1.0.0 interface. 

Alternatively, you can pin your installation to the old version, e.g. `pip install openai==0.28`

A detailed migration guide is available here: https://github.com/openai/openai-python/discussions/742
"
Bluebag Store | Online Grocery Store,Indian grocery store,28.462142399999998,77.04636359999999,"Very good service , thank you",4 months ago,"Error: 

You tried to access openai.ChatCompletion, but this is no longer supported in openai>=1.0.0 - see the README at https://github.com/openai/openai-python for the API.

You can run `openai migrate` to automatically upgrade your codebase to use the 1.0.0 interface. 

Alternatively, you can pin your installation to the old version, e.g. `pip install openai==0.28`

A detailed migration guide is available here: https://github.com/openai/openai-python/discussions/742
"
Bluebag Store | Online Grocery Store,Indian grocery store,28.462142399999998,77.04636359999999,Wonderful service in terms of delivery and prompt response,10 months ago,"Error: 

You tried to access openai.ChatCompletion, but this is no longer supported in openai>=1.0.0 - see the README at https://github.com/openai/openai-python for the API.

You can run `openai migrate` to automatically upgrade your codebase to use the 1.0.0 interface. 

Alternatively, you can pin your installation to the old version, e.g. `pip install openai==0.28`

A detailed migration guide is available here: https://github.com/openai/openai-python/discussions/742
"
Bluebag Store | Online Grocery Store,Indian grocery store,28.462142399999998,77.04636359999999,Awesome experience..reasonable and fresh product delivered and that too within defined timings,10 months ago,"Error: 

You tried to access openai.ChatCompletion, but this is no longer supported in openai>=1.0.0 - see the README at https://github.com/openai/openai-python for the API.

You can run `openai migrate` to automatically upgrade your codebase to use the 1.0.0 interface. 

Alternatively, you can pin your installation to the old version, e.g. `pip install openai==0.28`

A detailed migration guide is available here: https://github.com/openai/openai-python/discussions/742
"
Bluebag Store | Online Grocery Store,Indian grocery store,28.462142399999998,77.04636359999999,It was an awesome experience. Fresh products were delivered at reasonable prices and within the specified time frame,10 months ago,"Error: 

You tried to access openai.ChatCompletion, but this is no longer supported in openai>=1.0.0 - see the README at https://github.com/openai/openai-python for the API.

You can run `openai migrate` to automatically upgrade your codebase to use the 1.0.0 interface. 

Alternatively, you can pin your installation to the old version, e.g. `pip install openai==0.28`

A detailed migration guide is available here: https://github.com/openai/openai-python/discussions/742
"
Bluebag Store | Online Grocery Store,Indian grocery store,28.462142399999998,77.04636359999999,Great service and fresh products,10 months ago,"Error: 

You tried to access openai.ChatCompletion, but this is no longer supported in openai>=1.0.0 - see the README at https://github.com/openai/openai-python for the API.

You can run `openai migrate` to automatically upgrade your codebase to use the 1.0.0 interface. 

Alternatively, you can pin your installation to the old version, e.g. `pip install openai==0.28`

A detailed migration guide is available here: https://github.com/openai/openai-python/discussions/742
"
Bluebag Store | Online Grocery Store,Indian grocery store,28.462142399999998,77.04636359999999,Best experience. Prompt delivery. Highly recommended,10 months ago,"Error: 

You tried to access openai.ChatCompletion, but this is no longer supported in openai>=1.0.0 - see the README at https://github.com/openai/openai-python for the API.

You can run `openai migrate` to automatically upgrade your codebase to use the 1.0.0 interface. 

Alternatively, you can pin your installation to the old version, e.g. `pip install openai==0.28`

A detailed migration guide is available here: https://github.com/openai/openai-python/discussions/742
"
Bluebag Store | Online Grocery Store,Indian grocery store,28.462142399999998,77.04636359999999,Quick n best service with good quality groceries.,10 months ago,"Error: 

You tried to access openai.ChatCompletion, but this is no longer supported in openai>=1.0.0 - see the README at https://github.com/openai/openai-python for the API.

You can run `openai migrate` to automatically upgrade your codebase to use the 1.0.0 interface. 

Alternatively, you can pin your installation to the old version, e.g. `pip install openai==0.28`

A detailed migration guide is available here: https://github.com/openai/openai-python/discussions/742
"
Bluebag Store | Online Grocery Store,Indian grocery store,28.462142399999998,77.04636359999999,Excellent products and service.,10 months ago,"Error: 

You tried to access openai.ChatCompletion, but this is no longer supported in openai>=1.0.0 - see the README at https://github.com/openai/openai-python for the API.

You can run `openai migrate` to automatically upgrade your codebase to use the 1.0.0 interface. 

Alternatively, you can pin your installation to the old version, e.g. `pip install openai==0.28`

A detailed migration guide is available here: https://github.com/openai/openai-python/discussions/742
"
Ajit general store,Grocery store,28.4490265,77.0141129,It's good Shop,3 years ago,"Error: 

You tried to access openai.ChatCompletion, but this is no longer supported in openai>=1.0.0 - see the README at https://github.com/openai/openai-python for the API.

You can run `openai migrate` to automatically upgrade your codebase to use the 1.0.0 interface. 

Alternatively, you can pin your installation to the old version, e.g. `pip install openai==0.28`

A detailed migration guide is available here: https://github.com/openai/openai-python/discussions/742
"
Ajit general store,Grocery store,28.4490265,77.0141129,Good,4 years ago,"Error: 

You tried to access openai.ChatCompletion, but this is no longer supported in openai>=1.0.0 - see the README at https://github.com/openai/openai-python for the API.

You can run `openai migrate` to automatically upgrade your codebase to use the 1.0.0 interface. 

Alternatively, you can pin your installation to the old version, e.g. `pip install openai==0.28`

A detailed migration guide is available here: https://github.com/openai/openai-python/discussions/742
"
Ajit general store,Grocery store,28.4490265,77.0141129,,3 years ago,No review
Mansa Ram Ramesh Kumar Grocery Store,Grocery store,28.4605966,77.0281421,"Beautiful, clean and well stocked store with high quality products at reasonable price. Very helpful and polite staff. They deliver products at your door step as well.
I purchase my weekly groceries from them only and I am happy to be their customer for almost five years now. No complaints till date. Highly recommend them.",2 years ago,"Error: 

You tried to access openai.ChatCompletion, but this is no longer supported in openai>=1.0.0 - see the README at https://github.com/openai/openai-python for the API.

You can run `openai migrate` to automatically upgrade your codebase to use the 1.0.0 interface. 

Alternatively, you can pin your installation to the old version, e.g. `pip install openai==0.28`

A detailed migration guide is available here: https://github.com/openai/openai-python/discussions/742
"
Mansa Ram Ramesh Kumar Grocery Store,Grocery store,28.4605966,77.0281421,My one stop solution for grocery. Good quality stuff available all the time and very quick service. Exchange if required for any item is also not an issue.,2 years ago,"Error: 

You tried to access openai.ChatCompletion, but this is no longer supported in openai>=1.0.0 - see the README at https://github.com/openai/openai-python for the API.

You can run `openai migrate` to automatically upgrade your codebase to use the 1.0.0 interface. 

Alternatively, you can pin your installation to the old version, e.g. `pip install openai==0.28`

A detailed migration guide is available here: https://github.com/openai/openai-python/discussions/742
"
Mansa Ram Ramesh Kumar Grocery Store,Grocery store,28.4605966,77.0281421,Mr Ketan is really helpfulâ€¦I have always received the best quality products from his shop and that too on time ðŸ˜Š,2 years ago,"Error: 

You tried to access openai.ChatCompletion, but this is no longer supported in openai>=1.0.0 - see the README at https://github.com/openai/openai-python for the API.

You can run `openai migrate` to automatically upgrade your codebase to use the 1.0.0 interface. 

Alternatively, you can pin your installation to the old version, e.g. `pip install openai==0.28`

A detailed migration guide is available here: https://github.com/openai/openai-python/discussions/742
"
Mansa Ram Ramesh Kumar Grocery Store,Grocery store,28.4605966,77.0281421,Exelent Quality maintane in good and reasonable price ðŸ‘ŒðŸ‘ŒðŸ‘,2 years ago,"Error: 

You tried to access openai.ChatCompletion, but this is no longer supported in openai>=1.0.0 - see the README at https://github.com/openai/openai-python for the API.

You can run `openai migrate` to automatically upgrade your codebase to use the 1.0.0 interface. 

Alternatively, you can pin your installation to the old version, e.g. `pip install openai==0.28`

A detailed migration guide is available here: https://github.com/openai/openai-python/discussions/742
"
Mansa Ram Ramesh Kumar Grocery Store,Grocery store,28.4605966,77.0281421,Best place in gurgaon for grocery shopping,3 years ago,"Error: 

You tried to access openai.ChatCompletion, but this is no longer supported in openai>=1.0.0 - see the README at https://github.com/openai/openai-python for the API.

You can run `openai migrate` to automatically upgrade your codebase to use the 1.0.0 interface. 

Alternatively, you can pin your installation to the old version, e.g. `pip install openai==0.28`

A detailed migration guide is available here: https://github.com/openai/openai-python/discussions/742
"
Mansa Ram Ramesh Kumar Grocery Store,Grocery store,28.4605966,77.0281421,"Staff is good, enough variety",6 years ago,"Error: 

You tried to access openai.ChatCompletion, but this is no longer supported in openai>=1.0.0 - see the README at https://github.com/openai/openai-python for the API.

You can run `openai migrate` to automatically upgrade your codebase to use the 1.0.0 interface. 

Alternatively, you can pin your installation to the old version, e.g. `pip install openai==0.28`

A detailed migration guide is available here: https://github.com/openai/openai-python/discussions/742
"
Mansa Ram Ramesh Kumar Grocery Store,Grocery store,28.4605966,77.0281421,Good service staff is very polite,5 years ago,"Error: 

You tried to access openai.ChatCompletion, but this is no longer supported in openai>=1.0.0 - see the README at https://github.com/openai/openai-python for the API.

You can run `openai migrate` to automatically upgrade your codebase to use the 1.0.0 interface. 

Alternatively, you can pin your installation to the old version, e.g. `pip install openai==0.28`

A detailed migration guide is available here: https://github.com/openai/openai-python/discussions/742
"
Mansa Ram Ramesh Kumar Grocery Store,Grocery store,28.4605966,77.0281421,Genuine shop with genuine products,5 years ago,"Error: 

You tried to access openai.ChatCompletion, but this is no longer supported in openai>=1.0.0 - see the README at https://github.com/openai/openai-python for the API.

You can run `openai migrate` to automatically upgrade your codebase to use the 1.0.0 interface. 

Alternatively, you can pin your installation to the old version, e.g. `pip install openai==0.28`

A detailed migration guide is available here: https://github.com/openai/openai-python/discussions/742
"
M/s.Amar Nath Roshan Lal,Grocery store,28.4610177,77.0291867,Good pansari shop every material available here,4 months ago,"Error: 

You tried to access openai.ChatCompletion, but this is no longer supported in openai>=1.0.0 - see the README at https://github.com/openai/openai-python for the API.

You can run `openai migrate` to automatically upgrade your codebase to use the 1.0.0 interface. 

Alternatively, you can pin your installation to the old version, e.g. `pip install openai==0.28`

A detailed migration guide is available here: https://github.com/openai/openai-python/discussions/742
"
M/s.Amar Nath Roshan Lal,Grocery store,28.4610177,77.0291867,"Beware of Price Discrepancies

I recently had a unpleasant experience

I urge everyone to exercise caution when shopping at this Store. Remember to verify the prices of items before making a purchase and donâ€™t solely rely on the behavior of the staff. Itâ€™s crucial to protect our finances and make informed buying decisions

I went to purchase Tata Tea, a brand I trust and frequently purchase. To my surprise, the shopkeeper quoted a price of 640 rupees, significantly higher than the usual market price of 440 rupees. This marked difference left me feeling cheated and disappointed.",a year ago,"Error: 

You tried to access openai.ChatCompletion, but this is no longer supported in openai>=1.0.0 - see the README at https://github.com/openai/openai-python for the API.

You can run `openai migrate` to automatically upgrade your codebase to use the 1.0.0 interface. 

Alternatively, you can pin your installation to the old version, e.g. `pip install openai==0.28`

A detailed migration guide is available here: https://github.com/openai/openai-python/discussions/742
"
M/s.Amar Nath Roshan Lal,Grocery store,28.4610177,77.0291867,"Nice behavior of Retailer
and rate of good are also in range",5 years ago,"Error: 

You tried to access openai.ChatCompletion, but this is no longer supported in openai>=1.0.0 - see the README at https://github.com/openai/openai-python for the API.

You can run `openai migrate` to automatically upgrade your codebase to use the 1.0.0 interface. 

Alternatively, you can pin your installation to the old version, e.g. `pip install openai==0.28`

A detailed migration guide is available here: https://github.com/openai/openai-python/discussions/742
"
M/s.Amar Nath Roshan Lal,Grocery store,28.4610177,77.0291867,"Very high prices.  We thought him like wholesaler with good prices but he just reduces Rs 10/ on MRP even for 200 to 500 MRP and b Ed fooling the customers.

Otherwise with the quantity sale, he can give competitive prices.

Very smart seller",4 years ago,"Error: 

You tried to access openai.ChatCompletion, but this is no longer supported in openai>=1.0.0 - see the README at https://github.com/openai/openai-python for the API.

You can run `openai migrate` to automatically upgrade your codebase to use the 1.0.0 interface. 

Alternatively, you can pin your installation to the old version, e.g. `pip install openai==0.28`

A detailed migration guide is available here: https://github.com/openai/openai-python/discussions/742
"
M/s.Amar Nath Roshan Lal,Grocery store,28.4610177,77.0291867,Good Service all Staf,3 months ago,"Error: 

You tried to access openai.ChatCompletion, but this is no longer supported in openai>=1.0.0 - see the README at https://github.com/openai/openai-python for the API.

You can run `openai migrate` to automatically upgrade your codebase to use the 1.0.0 interface. 

Alternatively, you can pin your installation to the old version, e.g. `pip install openai==0.28`

A detailed migration guide is available here: https://github.com/openai/openai-python/discussions/742
"
M/s.Amar Nath Roshan Lal,Grocery store,28.4610177,77.0291867,"The best grocery town in Gurgaon old bazaar. The things that you don't get anywhere, rest assured you'll get here. The quality is good and the shop owner is very helpful.",3 years ago,"Error: 

You tried to access openai.ChatCompletion, but this is no longer supported in openai>=1.0.0 - see the README at https://github.com/openai/openai-python for the API.

You can run `openai migrate` to automatically upgrade your codebase to use the 1.0.0 interface. 

Alternatively, you can pin your installation to the old version, e.g. `pip install openai==0.28`

A detailed migration guide is available here: https://github.com/openai/openai-python/discussions/742
"
M/s.Amar Nath Roshan Lal,Grocery store,28.4610177,77.0291867,"Reputed Pansari shop in Gurgaon.
Situated in main market of Sadar Bazaar Gurgaon.
You can easily get every house hold goods here.
Delivery service is very fast.
Price for goods is ok ok
They have own brand called AMAR",6 years ago,"Error: 

You tried to access openai.ChatCompletion, but this is no longer supported in openai>=1.0.0 - see the README at https://github.com/openai/openai-python for the API.

You can run `openai migrate` to automatically upgrade your codebase to use the 1.0.0 interface. 

Alternatively, you can pin your installation to the old version, e.g. `pip install openai==0.28`

A detailed migration guide is available here: https://github.com/openai/openai-python/discussions/742
"
M/s.Amar Nath Roshan Lal,Grocery store,28.4610177,77.0291867,"It is indeed a good shop, we are taking ration feom 10 years feom this place. This time we brought ration for bhandara, they have provided expired masala.",4 years ago,"Error: 

You tried to access openai.ChatCompletion, but this is no longer supported in openai>=1.0.0 - see the README at https://github.com/openai/openai-python for the API.

You can run `openai migrate` to automatically upgrade your codebase to use the 1.0.0 interface. 

Alternatively, you can pin your installation to the old version, e.g. `pip install openai==0.28`

A detailed migration guide is available here: https://github.com/openai/openai-python/discussions/742
"
